sofacosta34,password,Sofia,Acosta,sofacosta@gmail.com
aubs,password,Aubrey,Semler,aubreys15@gmail.com
phiagladieux,password,Phia,Gladieux,pgladieux@gmail.com
bree6,password,Bree,Bednarski,bree6@gmail.com
hzemaitis,password,Hannah,Zemaitis,hzem@gmail.com
sclifford,password,Sean,Clifford,cliff@gmail.com
mackal,password,Mackenzie,Allessie,all@gmail.com
kasmann,password,Katherine,Asman,asman@gmail.com
espisak,password,Emma,Spisak,spisak@gmail.com
cgannz,password,Carly,Gannon,cgannon@gmail.com
julzlamb,password,Julia,Lamb,julzlamb@gmail.com
evos,password,Elena,Vos,elena@gmail.com
maddiet,password,Maddie,Tambroni,madztambroni@gmail.com
madreese,password,Madison,Reese,madr@gmail.com
megr18,password,Meghan,Reese,megr@gmail.com
briebarra,password,Brie,Barraco,briee@gmail.com
eprodes,password,Eleni,Prodes,eprodes@gmail.com
laurd,password,Lauren,Delgado,ldelgado@gmail.com
briemoney,password,Brianna,O'Donnell,briodonnell@gmail.com
anna_,password,Anna,Simon,annasim@gmail.com
efarrell,password,Emily,Farrell,efarrell@gmail.com
gmoney,password,Grace,Wallis,gmoney@gmail.com
anouk,password,Anouk,Knuvers,anoukk@gmail.com
Caromyer,password,Caroline,Myers,caromyers@gmail.com
gery,password,Gery,Schnarrs,gerygoat@gmail.com
dreww,password,Drew,Taylor,drewt@gmail.com
thebull,password,Emily,Bullard,thebull@gmail.com
jemma,password,Jemma,Punch,jempunch@gmail.com
kels33,password,Kelsey,Love,klove@gmail.com
sophiamannino,password,Sophia,Mannino,smannino@gmail.com
jbrisker,password,Jaquan,Brisker,jbrisk@gmail.com
pwash,password,Parker,Washington,pw@gmail.com
tcf,password,Tariq,Castro-Fields,tariq@gmail.com
chillyjilly,password,Jilly,Shimkin,chillyjilly@gmail.com
darya,password,Daria,Kasatkina,dkat@gmail.com
cjs,password,CJ,Stroud,cj@gmail.com
gwils,password,Garrett,Wilson,gwilson@gmail.com
colave,password,Chris,Olave,colave@gmail.com
svyn,password,Sevyn,Banks,sevyn@gmail.com
zeus,password,Zamir,White,zeus@gmail.com
gpick,password,George,Pickens,gpick@gmail.com
kmil,password,Kendall,Milton,kil@gmail.com
sarah_fuller32,password,Sarah,Fuller,sarahf@gmail.com
gglatz,password,Gianna,Glatz,gglatz@gmail.com
jbolton,password,Jill,Bolton,jbolt@gmail.com
ematz,password,Erin,Matson,ematz@gmail.com
sumfest,password,Cassie,Sumfest,cassietiktok@gmail.com
yeagergoat,password,Beth,Yeager,yeager@gmail.com
southam,password,Sofia,Southam,southam@gmail.com
ramsey,password,Caroline,Ramsey,ram@gmail.com
Baekerslab,password,Bente,Baekers,baekers@gmail.com
allrhodes,password,Daniella,Rhodes,drhodes@gmail.com
vanlange,password,Annick,van Lange,vanlange@gmail.com
claudz,password,Claudia,Negrete,negrete@gmail.com
bmahoney,password,Bridgette,Mahoney,bridge@gmail.com
macg,password,Kate,MacGillis,katemac@gmail.com
knapptime,password,Luisa,Knapp,knapp@gmail.com
sturmsvea,password,Svea,Sturm,sturm@gmail.com
sturm2,password,Maite,Sturm,sturmmaite@gmail.com
quigleyy,password,SJ,Quigley,sjquigz@gmail.com
broze,password,Mazarine,Broze,brozemaz@gmail.com
ellie,password,Ellie,Shahbo,shah@gmail.com
gmagic,password,Grace,McGuire,mcguire@gmail.com
kuijer,password,Mila,de Kuijer,dekuijer@gmail.com
vanton,password,Marlise,van Tonder,tonder@gmail.com
mischa,password,Sasha,Elliot,sasha@gmail.com
elle,password,Eleonore,Boekhorst,boekhorst@gmail.com
rose,password,Zoe,Rosen,zoe@gmail.com
brooke,password,Brooke,Borzymowski,brooke@gmail.com
under,password,Bryn,Underwood,bryn@gmail.com
ab,password,Annabel,Skubisz,annab@gmail.com
tkennedy,password,Tyler,Kennedy,kennedyt@gmail.com
speikerselite,password,Anna,Speiker,speikeranna@gmail.com
habs,password,Hailey,Abbott,abbotth@gmail.com
ohog,password,Katie,O'Hogan,katieo@gmail.com
frosty,password,Noelle,Frost,frosty@gmail.com
knippy,password,Cato,Knipping,catoknipping@gmail.com
sprech,password,Cheyenne,Sprecher,sprecherchey@gmail.com
knucks,password,Madison,Nuckols,nuckolsmads@gmail.com
azure,password,Azure,Fernsler,fernslerazure@gmail.com
ualbanygk,password,Lara,Behn,behn2@ualbany.edu
barelyborley,password,Mia,Borley,barelymia@gmail.com
mjardz,password,Monique,Jardell,jardell@gmail.com
kbub,password,Kasey,Bubel,bubel@gmail.com
csambeth,password,Cara,Sambeth,sambethcara@gmail.com
izporc,password,Izzy,Porco,izzy@gmail.com
gbankz,password,Gracyn,Banks,banksgracyn@gmail.com
rach,password,Rachel,Borzymowski,borzymrach@gmail.com
rio,password,Rio,Weber,weberrio@gmail.com
gouws,password,Brittany,Gouws,gouws@gmail.com
grainy,password,Michaela,Graney,grainygraney@gmail.com
hitw,password,Julia,Hitti,julzhitti@gmail.com
jtdan,password,JT,Daniels,jtd@gmail.com
lok,password,Lokke,Stribos,lokke@gmail.com
strib2,password,Sophia,Stribos,stribos@gmail.com
volker,password,Janelle,Volk,volk@gmail.com
egg,password,Zach,Calzada,kingcalz@gmail.com
speed,password,Devon,Achane,speedman@gmail.com
noil,password,Speedy,Noil,noil@gmail.com
conr,password,Alex,Conrad,conrad@gmail.com
bijan,password,Bijan,Robinson,bison@gmail.com
wyder,password,Jalen,Wydermyer,wyder@gmail.com
allyeet,password,Ally,Schlegel,allyeet@gmail.com
esquires10,password,Emma,Squires,emmasquires@gmail.com
juju,password,JuJu,Smith-Schuster,corevette@gmail.com
